"sample_source","organism","sex","development_stage","location","tumor","normal"
"A","Homo_sapiens","male","adult_organism","kidney","TGGTAATCTACTGGGACGGAACAGCTTTGAGGTGCATGTTTGTGCCTGTCCTGGGAGAGACCGGCGCACAGAGGAAGAGAATCTCCGCAAGAAAGGGGAGCCTCACCACGAGCTGCCCCCAGGGAGCACTAAGCGAG","TGGTAATCTACTGGGACGGAACAGCTTTGAGGTGCGTGTTTGTGCCTGTCCTGGGAGAGACCGGCGCACAGAGGAAGAGAATCTCCGCAAGAAAGGGGAGCCTCACCACGAGCTGCCCCCAGGGAGCACTAAGCGAG"
"B","Homo_sapiens","male","adult_organism","pancreas","GTGATGTGGCAGTGAAAATGTTGAATCCTCAGCAGTTACAAGCCTTCAAAAATGAAGTAGGAGTACTCAG","GTGATGTGGCAGTGAAAATGTTGAATGTGACAGCACCTACACCTCAGCAGTTACAAGCCTTCAAAAATGAAGTAGGAGTACTCAG"
"C","Homo_sapiens","female","adult_organism","lung","ATGACTGAATATAAACTTGTGGTAGTTGGAGCTGGTGGCGTAGGCAAGAGTGCCTTGACGATACAGCTAATTCAGACTCATTTTGTGGACGAATATGATCCAACAATAGAG","ATGACTGAATATAAACTTGTGGTAGTTGGAGCTGGTGGCGTAGGCAAGAGTGCCTTGACGATACAGCTAATTCAGAATCATTTTGTGGACGAATATGATCCAACAATAGAG"
"D","Homo_sapiens","female","adult_organism","kidney","CCGTCCCGTCCCATCCCATCCTTATGGGATTACGCTCCTCAACTGTGACGGCCACTCCATGACCCTCGGCTGGAAGGTCCCGAAATTCAGTGGTGGCTCGCCCATCCTGGGCTACTACCTGGACAAGCGTGAAGTTCACCATAAAAACTGGCACGAGGTCAATTCCTCACCCAGCAAACCGACAATCCTAACG","CCGTCCCGTCCCATCCTTATGGGATTACGCTCCTCAACTGTGACGGCCACTCCATGACCCTCGGCTGGAAGGTCCCGAAATTCAGTGGTGGCTCGCCCATCCTGGGCTACTACCTGGACAAGCGTGAAGTTCACCATAAAAACTGGCACGAGGTCAATTCCTCACCCAGCAAACCGACAATCCTAACG"
"E","Homo_sapiens","male","adult_organism","lung","TCCCCCTTGCCGTCCCAAGCAATGGATGATTTGATGCTGTCCCCGGACGATATTGAACAATGGTTCACTGAAGACCCAGGTCCAGATGAAGCTCCCAGAATGCCAGAGGCTGCTCCCCCCGTGGCCCCTGCACCAGCAGCTCCTACACCGGCGGCCCCTGCACCAGCCCCCTCCTGGCCCCTGTCATCTTCTGTCCCTTCCCAGAAAACCTACCAGGGCAGCTACGGTTTCCGTCTGGGCTTCTTGCATTCTGGGACAGCCAAGTCTGTGACTTGCACG","TCCCCCTTGCCGTCCCAAGCAATGGATGATTTGATGCTGTCCCCGGACGATATTGAACAATGGTTCACTGAAGACCCAGGTCCAGATGAAGCTCCCAGAATGCCAGAGGCTGCTCCCCCCGTGGCCCCTGCACCAGCAGCTCCTACACCGGCGGCCCCTGCACCAGCCCCCTCCTGGCCCCTGTCATCTTCTGTCCCTTCCCAGAAAACCTACCAGGGCAGCTACGGTTTCCGTCTGGGCTTCTTGCATTCTGGGACAGCCAAGTCTGTGACTTGCACG"
"F","Homo_sapiens","male","adult_organism","skin","ATATATTTCTTCATGAAGACCTCACAGTAAAAATAGGTGATTTTGGTCTAGCTACAGTGAATTCTCGATGGAGTGGGTCCCATCAGTTTGAACAGTTGTCTGGATCCATTTTGTGGATG","ATATATTTCTTCATGAAGACCTCACAGTAAAAATAGGTGATTTTGGTCTAGCTACAGTGAAATCTCGATGGAGTGGGTCCCATCAGTTTGAACAGTTGTCTGGATCCATTTTGTGGATG"
"G","Homo_sapiens","female","adult_organism","bone marrow","GCTATTCAAGATTCTGCTCTGGCAGTGGAGGAAGTCTCTTTAA","GCTATTCAAGATCTCTGGCAGTGGAGGAAGTCTCTTTAA"
"H","Homo_sapiens","female","adult_organism","pancreas","TACTCCCCTGCCCTCAACAAGATGTTTTGCCAATTGGCCAAGACCTGCCCTGTGCAGCTGTGGGTTGATTCCACACCCCCGCCCGGCACCCGCGTCCGCGCCATGGCCATCTACAAGCAGTCACAGCACATGACGGAGGTTGTGAGGCGCTGCCCCCACCATGAGCGCTGCTCAGATAGCGATG","TACTCCCCTGCCCTCAACAAGATGTTTTGCCAACTGGCCAAGACCTGCCCTGTGCAGCTGTGGGTTGATTCCACACCCCCGCCCGGCACCCGCGTCCGCGCCATGGCCATCTACAAGCAGTCACAGCACATGACGGAGGTTGTGAGGCGCTGCCCCCACCATGAGCGCTGCTCAGATAGCGATG"
"I","Homo_sapiens","male","adult_organism","bone marrow","GATTCCTACAGGAAGCAAGTAGTAATTGATGGAGAAACCTGTCTCTTGGATATTCTCGACACAGCAGGTCAAGAGGAGTACAGTGCAATGAGGGACCAGTACATGAGTACTGGGGAGGGCTTTCTTTGTGTATTTGCCATAAATAATACTAAATCATTTGAAGATATTCACCATTATAG","GATTCCTACAGGAAGCAAGTAGTAATTGATGGAGAAACCTGTCTCTTGGATATTCTCGACACAGCAGGTCAAGAGGAGTACAGTGCAATGAGGGACCAGTACATGAGGACTGGGGAGGGCTTTCTTTGTGTATTTGCCATAAATAATACTAAATCATTTGAAGATATTCACCATTATAG"
"J","Homo_sapiens","male","adult_organism","kidney","TGTATACTCTGAAAGAGTGATGCCTCCAGGTTGTCCGGAGCCTAGTCAAGCCTGAGAATTACAGGAGACTGGACATCGTCAGGTCGCTCTACGAAGATCTGGAAGACCACCCAAATGTGCAGAAAGACCTGGAGCGGCTGACACAGGAGCGCATTGCACATCAACGGATGGGAGATTGA","TGTATACTCTGAAAGAGCGATGCCTCCAGGTTGTCCGGAGCCTAGTCAAGCCTGAGAATTACAGGAGACTGGACATCGTCAGGTCGCTCTACGAAGATCTGGAAGACCACCCAAATGTGCAGAAAGACCTGGAGCGGCTGACACAGGAGCGCATTGCACATCAACGGATGGGAGATTGA"
"K","Homo_sapiens","male","adult_organism","kidney","TGGTAATCTACTGGGACGGAACAGCTTTGAGGTGCATGTTTGTGCCTGTCCTGGGAGAGACCGGCGGACAGAGGAAGAGAATCTCCGCAAGAAAGGGGAGCCTCACCACGAGCTGCCCCCAGGGAGCACTAAGCGAG","TGGTAATCTACTGGGACGGAACAGCTTTGAGGTGCGTGTTTGTGCCTGTCCTGGGAGAGACCGGCGCACAGAGGAAGAGAATCTCCGCAAGAAAGGGGAGCCTCACCACGAGCTGCCCCCAGGGAGCACTAAGCGAG"
"L","Homo_sapiens","male","adult_organism","pancreas","GTGATGTGGAGTGAAAATGTTGAATCCTCAGCAGTTACAAGCCTTCAAAAATGAAGTAGGAGTACTCAG","GTGATGTGGCAGTGAAAATGTTGAATGTGACAGCACCTACACCTCAGCAGTTACAAGCCTTCAAAAATGAAGTAGGAGTACTCAG"
"M","Homo_sapiens","female","adult_organism","lung","ATGACTGAATATAAACTTGTGGTAGTTGGAGCTGGTGGCGTAGGCAAGAGTGCCTTGACGATACAGCTAATTCAGACTCATTTTGTGGACGAATATGAGCCAACAATAGAG","ATGACTGAATATAAACTTGTGGTAGTTGGAGCTGGTGGCGTAGGCAAGAGTGCCTTGACGATACAGCTAATTCAGAATCATTTTGTGGACGAATATGATCCAACAATAGAG"
"N","Homo_sapiens","female","adult_organism","kidney","CCGTCCCGTCCCATCCCATCCTTATGGGATTACGCTCCTCAACTGTGACGGCCACTCCATGACCCTCGGCTGGAAGGTCCCGAAATTCAGTGGTGGCTCGCCCATCCTGGGCTACTACCTGGAGTCAAGCGTGAAGTTCACCATAAAAACTGGCACGAGGTCAATTCCTCACCCAGCAAACCGACAATCCTAACG","CCGTCCCGTCCCATCCTTATGGGATTACGCTCCTCAACTGTGACGGCCACTCCATGACCCTCGGCTGGAAGGTCCCGAAATTCAGTGGTGGCTCGCCCATCCTGGGCTACTACCTGGACAAGCGTGAAGTTCACCATAAAAACTGGCACGAGGTCAATTCCTCACCCAGCAAACCGACAATCCTAACG"
"O","Homo_sapiens","male","adult_organism","bone marrow","GATTCCTACAGGAAGCAAGTAGTAATTGATGGAGAAACCTGTCTCTTGGATATTCTCGACACAGCAGGTCAAGAGGAGTACAGTGCAATGAGGGACCAGTACATGAGTACTGGGGAGGGCTTTCTTTGTGTATTTGCCATAAATAATACTAAATCATTTGAAGATATTCACCATTAGAG","GATTCCTACAGGAAGCAAGTAGTAATTGATGGAGAAACCTGTCTCTTGGATATTCTCGACACAGCAGGTCAAGAGGAGTACAGTGCAATGAGGGACCAGTACATGAGGACTGGGGAGGGCTTTCTTTGTGTATTTGCCATAAATAATACTAAATCATTTGAAGATATTCACCATTATAG"
"P","Homo_sapiens","male","adult_organism","kidney","TGTATACTCTGAAAGAGTGATGCCTCCAGGTTGTCCGGAGCCTAGTCAAGCCTGAGAATTACAGGAGACTGGACACCGTCAGGTCGCTCTACGAAGATCTGGAAGACCACCCAAATGTGCAGAAAGACCTGGAGCGGCTGACACAGGAGCGCATTGCACATCAACGGATGGGAGATTGA","TGTATACTCTGAAAGAGCGATGCCTCCAGGTTGTCCGGAGCCTAGTCAAGCCTGAGAATTACAGGAGACTGGACATCGTCAGGTCGCTCTACGAAGATCTGGAAGACCACCCAAATGTGCAGAAAGACCTGGAGCGGCTGACACAGGAGCGCATTGCACATCAACGGATGGGAGATTGA"
"Q","Homo_sapiens","female","adult_organism","kidney","CCGTCCCGTCCCATCCCATCCTTATGGGATTACGGGCCTCAACTGTGACGGCCACTCCATGACCCTCGGCTGGAAGGTCCCGAAATTCAGTGGTGGCTCGCCCATCCTGGGCTACTACCTGGACAAGCGTGAAGTTCACCATAAAAACTGGCACGAGGTCAATTCCTCACCCAGCAAACCGACAATCCTAACG","CCGTCCCGTCCCATCCTTATGGGATTACGCTCCTCAACTGTGACGGCCACTCCATGACCCTCGGCTGGAAGGTCCCGAAATTCAGTGGTGGCTCGCCCATCCTGGGCTACTACCTGGACAAGCGTGAAGTTCACCATAAAAACTGGCACGAGGTCAATTCCTCACCCAGCAAACCGACAATCCTAACG"
"R","Homo_sapiens","male","adult_organism","lung","TCCCCCTTGCCGTCCCAAGCAATGGATGATTTGATGCTGTCCCCGGACGATATTGAACAATGGTTCACTGAAGACCCAGGTCCAGATGAAGCTCCCAGAATGCCAGAGGCTGCTCCCCCCGTGGCCCCTGCACCAGCAGCTCCTACACCGGCGGCCCCTGCACCAGCCCCCTCCTGGCCCCTGTCATCTTCTGTCCCTTCCCAGAAAACCTACCAGGGCAGCTACGGTTTCCGTCTGGGCTTCTTGCATTCTGGGACAAGTCTGTGACTTGCACG","TCCCCCTTGCCGTCCCAAGCAATGGATGATTTGATGCTGTCCCCGGACGATATTGAACAATGGTTCACTGAAGACCCAGGTCCAGATGAAGCTCCCAGAATGCCAGAGGCTGCTCCCCCCGTGGCCCCTGCACCAGCAGCTCCTACACCGGCGGCCCCTGCACCAGCCCCCTCCTGGCCCCTGTCATCTTCTGTCCCTTCCCAGAAAACCTACCAGGGCAGCTACGGTTTCCGTCTGGGCTTCTTGCATTCTGGGACAGCCAAGTCTGTGACTTGCACG"
"S","Homo_sapiens","male","adult_organism","skin","ATATATTTCTTCATGAAGACATCACAGTAAAAATAGGTGATTTTGGTCTAGCTACAGTGAATTCTCGATGGAGTGGGTCCCATCAGTTTGAACAGTTGTCTGGATCCATTTTGTGGATG","ATATATTTCTTCATGAAGACCTCACAGTAAAAATAGGTGATTTTGGTCTAGCTACAGTGAAATCTCGATGGAGTGGGTCCCATCAGTTTGAACAGTTGTCTGGATCCATTTTGTGGATG"
"T","Homo_sapiens","female","adult_organism","bone marrow","GCTATTCAAGGGTCTGCTCTGGCAGTGGAGGAAGTCTCTTTAA","GCTATTCAAGATCTCTGGCAGTGGAGGAAGTCTCTTTAA"
"U","Homo_sapiens","male","adult_organism","skin","ATATATTTCTTCATGAAGACCTCACAGTAAAAATAGGTGATTTTGGTCTAGCTACAGTGAATTCTCGATGGAGTGGGTCCCACCAGTTTGAACAGTTGTCTGGATCCATTTTGTGGATG","ATATATTTCTTCATGAAGACCTCACAGTAAAAATAGGTGATTTTGGTCTAGCTACAGTGAAATCTCGATGGAGTGGGTCCCATCAGTTTGAACAGTTGTCTGGATCCATTTTGTGGATG"
"V","Homo_sapiens","female","adult_organism","bone marrow","GCTATTCAAGATTCTGCTCTGGCGCAGTGGAGGAAGTCTCTTTAA","GCTATTCAAGATCTCTGGCAGTGGAGGAAGTCTCTTTAA"
"W","Homo_sapiens","female","adult_organism","pancreas","TACTCCCCTGCCCTCAACAAGATGTTTTGCCAATTGGCCAAGACCTGCCCTGTGCAGCTGTGGGTTGATTCCACACCCCCGCCCGGCACCCGCGTCCGCGCCATGGCCATCTACAAGCAGTCACAGCACATGACGGTGGTTGTGAGGCGCTGCCCCCACCATGAGCGCTGCTCAGATAGCGATG","TACTCCCCTGCCCTCAACAAGATGTTTTGCCAACTGGCCAAGACCTGCCCTGTGCAGCTGTGGGTTGATTCCACACCCCCGCCCGGCACCCGCGTCCGCGCCATGGCCATCTACAAGCAGTCACAGCACATGACGGAGGTTGTGAGGCGCTGCCCCCACCATGAGCGCTGCTCAGATAGCGATG"
"X","Homo_sapiens","male","adult_organism","bone marrow","GATTCCTACAGGAAGCAAGTAGTAATTGATGGAGAAACCTGTCTCTTGGATATTCTCGACACAGCTGGTCAAGAGGAGTACAGTGCAATGAGGGACCAGTACATGAGTACTGGGGAGGGCTTTCTTTGTGTATTTGCCATAAATAATACTAAATCATTTGAAGATATTCACCATTATAG","GATTCCTACAGGAAGCAAGTAGTAATTGATGGAGAAACCTGTCTCTTGGATATTCTCGACACAGCAGGTCAAGAGGAGTACAGTGCAATGAGGGACCAGTACATGAGGACTGGGGAGGGCTTTCTTTGTGTATTTGCCATAAATAATACTAAATCATTTGAAGATATTCACCATTATAG"
"Y","Homo_sapiens","male","adult_organism","kidney","TGGTAATCTACTGGGACGGAACAGATTTGAGGTGCATGTTTGTGCCTGTCCTGGGAGAGACCGGCGCACAGAGGAAGAGAATCTCCGCAAGAAAGGGGAGCCTCACCACGAGCTGCCCCCAGGGAGCACTAAGCGAG","TGGTAATCTACTGGGACGGAACAGCTTTGAGGTGCGTGTTTGTGCCTGTCCTGGGAGAGACCGGCGCACAGAGGAAGAGAATCTCCGCAAGAAAGGGGAGCCTCACCACGAGCTGCCCCCAGGGAGCACTAAGCGAG"
"Z","Homo_sapiens","male","adult_organism","pancreas","GTGATGTGGCAGTGAAAATGTTGAATCCTCAGCAGTTACAAGCCTTCAAAAATGAAGTAGTACTCAG","GTGATGTGGCAGTGAAAATGTTGAATGTGACAGCACCTACACCTCAGCAGTTACAAGCCTTCAAAAATGAAGTAGGAGTACTCAG"
