"tumor","normal","type","type_2","annotated","name"
"TGGTAATCTACTGGGACGGAACAGCTTTGAGGTGCATGTTTGTGCCTGTCCTGGGAGAGACCGGCGCACAGAGGAAGAGAATCTCCGCAAGAAAGGGGAGCCTCACCACGAGCTGCCCCCAGGGAGCACTAAGCGAG","TGGTAATCTACTGGGACGGAACAGCTTTGAGGTGCGTGTTTGTGCCTGTCCTGGGAGAGACCGGCGCACAGAGGAAGAGAATCTCCGCAAGAAAGGGGAGCCTCACCACGAGCTGCCCCCAGGGAGCACTAAGCGAG","in frame","substitution","yes","TP53"
"GTGATGTGGCAGTGAAAATGTTGAATCCTCAGCAGTTACAAGCCTTCAAAAATGAAGTAGGAGTACTCAG","GTGATGTGGCAGTGAAAATGTTGAATGTGACAGCACCTACACCTCAGCAGTTACAAGCCTTCAAAAATGAAGTAGGAGTACTCAG","in frame","deletion","yes","BRAF"
"ATGACTGAATATAAACTTGTGGTAGTTGGAGCTGGTGGCGTAGGCAAGAGTGCCTTGACGATACAGCTAATTCAGACTCATTTTGTGGACGAATATGATCCAACAATAGAG","ATGACTGAATATAAACTTGTGGTAGTTGGAGCTGGTGGCGTAGGCAAGAGTGCCTTGACGATACAGCTAATTCAGAATCATTTTGTGGACGAATATGATCCAACAATAGAG","in frame","substitution","yes","KRAS"
"CCGTCCCGTCCCATCCCATCCTTATGGGATTACGCTCCTCAACTGTGACGGCCACTCCATGACCCTCGGCTGGAAGGTCCCGAAATTCAGTGGTGGCTCGCCCATCCTGGGCTACTACCTGGACAAGCGTGAAGTTCACCATAAAAACTGGCACGAGGTCAATTCCTCACCCAGCAAACCGACAATCCTAACG","CCGTCCCGTCCCATCCTTATGGGATTACGCTCCTCAACTGTGACGGCCACTCCATGACCCTCGGCTGGAAGGTCCCGAAATTCAGTGGTGGCTCGCCCATCCTGGGCTACTACCTGGACAAGCGTGAAGTTCACCATAAAAACTGGCACGAGGTCAATTCCTCACCCAGCAAACCGACAATCCTAACG","frame shift","insertion","no","no"
"TCCCCCTTGCCGTCCCAAGCAATGGATGATTTGATGCTGTCCCCGGACGATATTGAACAATGGTTCACTGAAGACCCAGGTCCAGATGAAGCTCCCAGAATGCCAGAGGCTGCTCCCCCCGTGGCCCCTGCACCAGCAGCTCCTACACCGGCGGCCCCTGCACCAGCCCCCTCCTGGCCCCTGTCATCTTCTGTCCCTTCCCAGAAAACCTACCAGGGCAGCTACGGTTTCCGTCTGGGCTTCTTGCATTCTGGGACAGCCAAGTCTGTGACTTGCACG","TCCCCCTTGCCGTCCCAAGCAATGGATGATTTGATGCTGTCCCCGGACGATATTGAACAATGGTTCACTGAAGACCCAGGTCCAGATGAAGCTCCCAGAATGCCAGAGGCTGCTCCCCCCGTGGCCCCTGCACCAGCAGCTCCTACACCGGCGGCCCCTGCACCAGCCCCCTCCTGGCCCCTGTCATCTTCTGTCCCTTCCCAGAAAACCTACCAGGGCAGCTACGGTTTCCGTCTGGGCTTCTTGCATTCTGGGACAGCCAAGTCTGTGACTTGCACG","frame shift","deletion","no","no"
"ATATATTTCTTCATGAAGACCTCACAGTAAAAATAGGTGATTTTGGTCTAGCTACAGTGAATTCTCGATGGAGTGGGTCCCATCAGTTTGAACAGTTGTCTGGATCCATTTTGTGGATG","ATATATTTCTTCATGAAGACCTCACAGTAAAAATAGGTGATTTTGGTCTAGCTACAGTGAAATCTCGATGGAGTGGGTCCCATCAGTTTGAACAGTTGTCTGGATCCATTTTGTGGATG","in frame","substitution","yes","BRAF"
"GCTATTCAAGATTCTGCTCTGGCAGTGGAGGAAGTCTCTTTAA","GCTATTCAAGATCTCTGGCAGTGGAGGAAGTCTCTTTAA","frame shift","insertion","no","no"
"TACTCCCCTGCCCTCAACAAGATGTTTTGCCAATTGGCCAAGACCTGCCCTGTGCAGCTGTGGGTTGATTCCACACCCCCGCCCGGCACCCGCGTCCGCGCCATGGCCATCTACAAGCAGTCACAGCACATGACGGAGGTTGTGAGGCGCTGCCCCCACCATGAGCGCTGCTCAGATAGCGATG","TACTCCCCTGCCCTCAACAAGATGTTTTGCCAACTGGCCAAGACCTGCCCTGTGCAGCTGTGGGTTGATTCCACACCCCCGCCCGGCACCCGCGTCCGCGCCATGGCCATCTACAAGCAGTCACAGCACATGACGGAGGTTGTGAGGCGCTGCCCCCACCATGAGCGCTGCTCAGATAGCGATG","in frame","substitution","yes","TP53"
"GATTCCTACAGGAAGCAAGTAGTAATTGATGGAGAAACCTGTCTCTTGGATATTCTCGACACAGCAGGTCAAGAGGAGTACAGTGCAATGAGGGACCAGTACATGAGTACTGGGGAGGGCTTTCTTTGTGTATTTGCCATAAATAATACTAAATCATTTGAAGATATTCACCATTATAG","GATTCCTACAGGAAGCAAGTAGTAATTGATGGAGAAACCTGTCTCTTGGATATTCTCGACACAGCAGGTCAAGAGGAGTACAGTGCAATGAGGGACCAGTACATGAGGACTGGGGAGGGCTTTCTTTGTGTATTTGCCATAAATAATACTAAATCATTTGAAGATATTCACCATTATAG","in frame","substitution","yes","KRAS"
"TGTATACTCTGAAAGAGTGATGCCTCCAGGTTGTCCGGAGCCTAGTCAAGCCTGAGAATTACAGGAGACTGGACATCGTCAGGTCGCTCTACGAAGATCTGGAAGACCACCCAAATGTGCAGAAAGACCTGGAGCGGCTGACACAGGAGCGCATTGCACATCAACGGATGGGAGATTGA","TGTATACTCTGAAAGAGCGATGCCTCCAGGTTGTCCGGAGCCTAGTCAAGCCTGAGAATTACAGGAGACTGGACATCGTCAGGTCGCTCTACGAAGATCTGGAAGACCACCCAAATGTGCAGAAAGACCTGGAGCGGCTGACACAGGAGCGCATTGCACATCAACGGATGGGAGATTGA","stop gained","substitution","no","no"
"TGGTAATCTACTGGGACGGAACAGCTTTGAGGTGCATGTTTGTGCCTGTCCTGGGAGAGACCGGCGGACAGAGGAAGAGAATCTCCGCAAGAAAGGGGAGCCTCACCACGAGCTGCCCCCAGGGAGCACTAAGCGAG","TGGTAATCTACTGGGACGGAACAGCTTTGAGGTGCGTGTTTGTGCCTGTCCTGGGAGAGACCGGCGCACAGAGGAAGAGAATCTCCGCAAGAAAGGGGAGCCTCACCACGAGCTGCCCCCAGGGAGCACTAAGCGAG","in frame","substitution","yes","TP53"
"GTGATGTGGAGTGAAAATGTTGAATCCTCAGCAGTTACAAGCCTTCAAAAATGAAGTAGGAGTACTCAG","GTGATGTGGCAGTGAAAATGTTGAATGTGACAGCACCTACACCTCAGCAGTTACAAGCCTTCAAAAATGAAGTAGGAGTACTCAG","in frame","deletion","yes","BRAF"
"ATGACTGAATATAAACTTGTGGTAGTTGGAGCTGGTGGCGTAGGCAAGAGTGCCTTGACGATACAGCTAATTCAGACTCATTTTGTGGACGAATATGAGCCAACAATAGAG","ATGACTGAATATAAACTTGTGGTAGTTGGAGCTGGTGGCGTAGGCAAGAGTGCCTTGACGATACAGCTAATTCAGAATCATTTTGTGGACGAATATGATCCAACAATAGAG","in frame","substitution","yes","KRAS"
"CCGTCCCGTCCCATCCCATCCTTATGGGATTACGCTCCTCAACTGTGACGGCCACTCCATGACCCTCGGCTGGAAGGTCCCGAAATTCAGTGGTGGCTCGCCCATCCTGGGCTACTACCTGGAGTCAAGCGTGAAGTTCACCATAAAAACTGGCACGAGGTCAATTCCTCACCCAGCAAACCGACAATCCTAACG","CCGTCCCGTCCCATCCTTATGGGATTACGCTCCTCAACTGTGACGGCCACTCCATGACCCTCGGCTGGAAGGTCCCGAAATTCAGTGGTGGCTCGCCCATCCTGGGCTACTACCTGGACAAGCGTGAAGTTCACCATAAAAACTGGCACGAGGTCAATTCCTCACCCAGCAAACCGACAATCCTAACG","frame shift","insertion","no","no"
"GATTCCTACAGGAAGCAAGTAGTAATTGATGGAGAAACCTGTCTCTTGGATATTCTCGACACAGCAGGTCAAGAGGAGTACAGTGCAATGAGGGACCAGTACATGAGTACTGGGGAGGGCTTTCTTTGTGTATTTGCCATAAATAATACTAAATCATTTGAAGATATTCACCATTAGAG","GATTCCTACAGGAAGCAAGTAGTAATTGATGGAGAAACCTGTCTCTTGGATATTCTCGACACAGCAGGTCAAGAGGAGTACAGTGCAATGAGGGACCAGTACATGAGGACTGGGGAGGGCTTTCTTTGTGTATTTGCCATAAATAATACTAAATCATTTGAAGATATTCACCATTATAG","in frame","substitution","yes","KRAS"
"TGTATACTCTGAAAGAGTGATGCCTCCAGGTTGTCCGGAGCCTAGTCAAGCCTGAGAATTACAGGAGACTGGACACCGTCAGGTCGCTCTACGAAGATCTGGAAGACCACCCAAATGTGCAGAAAGACCTGGAGCGGCTGACACAGGAGCGCATTGCACATCAACGGATGGGAGATTGA","TGTATACTCTGAAAGAGCGATGCCTCCAGGTTGTCCGGAGCCTAGTCAAGCCTGAGAATTACAGGAGACTGGACATCGTCAGGTCGCTCTACGAAGATCTGGAAGACCACCCAAATGTGCAGAAAGACCTGGAGCGGCTGACACAGGAGCGCATTGCACATCAACGGATGGGAGATTGA","stop gained","substitution","no","no"
"CCGTCCCGTCCCATCCCATCCTTATGGGATTACGGGCCTCAACTGTGACGGCCACTCCATGACCCTCGGCTGGAAGGTCCCGAAATTCAGTGGTGGCTCGCCCATCCTGGGCTACTACCTGGACAAGCGTGAAGTTCACCATAAAAACTGGCACGAGGTCAATTCCTCACCCAGCAAACCGACAATCCTAACG","CCGTCCCGTCCCATCCTTATGGGATTACGCTCCTCAACTGTGACGGCCACTCCATGACCCTCGGCTGGAAGGTCCCGAAATTCAGTGGTGGCTCGCCCATCCTGGGCTACTACCTGGACAAGCGTGAAGTTCACCATAAAAACTGGCACGAGGTCAATTCCTCACCCAGCAAACCGACAATCCTAACG","frame shift","insertion","no","no"
"TCCCCCTTGCCGTCCCAAGCAATGGATGATTTGATGCTGTCCCCGGACGATATTGAACAATGGTTCACTGAAGACCCAGGTCCAGATGAAGCTCCCAGAATGCCAGAGGCTGCTCCCCCCGTGGCCCCTGCACCAGCAGCTCCTACACCGGCGGCCCCTGCACCAGCCCCCTCCTGGCCCCTGTCATCTTCTGTCCCTTCCCAGAAAACCTACCAGGGCAGCTACGGTTTCCGTCTGGGCTTCTTGCATTCTGGGACAAGTCTGTGACTTGCACG","TCCCCCTTGCCGTCCCAAGCAATGGATGATTTGATGCTGTCCCCGGACGATATTGAACAATGGTTCACTGAAGACCCAGGTCCAGATGAAGCTCCCAGAATGCCAGAGGCTGCTCCCCCCGTGGCCCCTGCACCAGCAGCTCCTACACCGGCGGCCCCTGCACCAGCCCCCTCCTGGCCCCTGTCATCTTCTGTCCCTTCCCAGAAAACCTACCAGGGCAGCTACGGTTTCCGTCTGGGCTTCTTGCATTCTGGGACAGCCAAGTCTGTGACTTGCACG","frame shift","deletion","no","no"
"ATATATTTCTTCATGAAGACATCACAGTAAAAATAGGTGATTTTGGTCTAGCTACAGTGAATTCTCGATGGAGTGGGTCCCATCAGTTTGAACAGTTGTCTGGATCCATTTTGTGGATG","ATATATTTCTTCATGAAGACCTCACAGTAAAAATAGGTGATTTTGGTCTAGCTACAGTGAAATCTCGATGGAGTGGGTCCCATCAGTTTGAACAGTTGTCTGGATCCATTTTGTGGATG","in frame","substitution","yes","BRAF"
"GCTATTCAAGGGTCTGCTCTGGCAGTGGAGGAAGTCTCTTTAA","GCTATTCAAGATCTCTGGCAGTGGAGGAAGTCTCTTTAA","frame shift","insertion","no","no"
"ATATATTTCTTCATGAAGACCTCACAGTAAAAATAGGTGATTTTGGTCTAGCTACAGTGAATTCTCGATGGAGTGGGTCCCACCAGTTTGAACAGTTGTCTGGATCCATTTTGTGGATG","ATATATTTCTTCATGAAGACCTCACAGTAAAAATAGGTGATTTTGGTCTAGCTACAGTGAAATCTCGATGGAGTGGGTCCCATCAGTTTGAACAGTTGTCTGGATCCATTTTGTGGATG","in frame","substitution","yes","BRAF"
"GCTATTCAAGATTCTGCTCTGGCGCAGTGGAGGAAGTCTCTTTAA","GCTATTCAAGATCTCTGGCAGTGGAGGAAGTCTCTTTAA","frame shift","insertion","no","no"
"TACTCCCCTGCCCTCAACAAGATGTTTTGCCAATTGGCCAAGACCTGCCCTGTGCAGCTGTGGGTTGATTCCACACCCCCGCCCGGCACCCGCGTCCGCGCCATGGCCATCTACAAGCAGTCACAGCACATGACGGTGGTTGTGAGGCGCTGCCCCCACCATGAGCGCTGCTCAGATAGCGATG","TACTCCCCTGCCCTCAACAAGATGTTTTGCCAACTGGCCAAGACCTGCCCTGTGCAGCTGTGGGTTGATTCCACACCCCCGCCCGGCACCCGCGTCCGCGCCATGGCCATCTACAAGCAGTCACAGCACATGACGGAGGTTGTGAGGCGCTGCCCCCACCATGAGCGCTGCTCAGATAGCGATG","in frame","substitution","yes","TP53"
"GATTCCTACAGGAAGCAAGTAGTAATTGATGGAGAAACCTGTCTCTTGGATATTCTCGACACAGCTGGTCAAGAGGAGTACAGTGCAATGAGGGACCAGTACATGAGTACTGGGGAGGGCTTTCTTTGTGTATTTGCCATAAATAATACTAAATCATTTGAAGATATTCACCATTATAG","GATTCCTACAGGAAGCAAGTAGTAATTGATGGAGAAACCTGTCTCTTGGATATTCTCGACACAGCAGGTCAAGAGGAGTACAGTGCAATGAGGGACCAGTACATGAGGACTGGGGAGGGCTTTCTTTGTGTATTTGCCATAAATAATACTAAATCATTTGAAGATATTCACCATTATAG","in frame","substitution","yes","KRAS"
"TGGTAATCTACTGGGACGGAACAGATTTGAGGTGCATGTTTGTGCCTGTCCTGGGAGAGACCGGCGCACAGAGGAAGAGAATCTCCGCAAGAAAGGGGAGCCTCACCACGAGCTGCCCCCAGGGAGCACTAAGCGAG","TGGTAATCTACTGGGACGGAACAGCTTTGAGGTGCGTGTTTGTGCCTGTCCTGGGAGAGACCGGCGCACAGAGGAAGAGAATCTCCGCAAGAAAGGGGAGCCTCACCACGAGCTGCCCCCAGGGAGCACTAAGCGAG","in frame","substitution","yes","TP53"
"GTGATGTGGCAGTGAAAATGTTGAATCCTCAGCAGTTACAAGCCTTCAAAAATGAAGTAGTACTCAG","GTGATGTGGCAGTGAAAATGTTGAATGTGACAGCACCTACACCTCAGCAGTTACAAGCCTTCAAAAATGAAGTAGGAGTACTCAG","in frame","deletion","yes","BRAF"
